unix,date,symbol,open,high,low,close,Volume BTC,Volume USDT,tradecount
1567036800000,2019-08-29 00:00:00,BTC/USDT,9721.0,9724.0,9320.0,9498.44,35532.69491,337838761.5572865,343887
1567123200000,2019-08-30 00:00:00,BTC/USDT,9499.01,9696.0,9350.41,9584.54,26834.318104,255854874.4507745,259270
1567209600000,2019-08-31 00:00:00,BTC/USDT,9582.76,9684.51,9420.75,9587.47,17130.290074,164116756.46299693,199188
1567296000000,2019-09-01 00:00:00,BTC/USDT,9588.74,9830.0,9520.0,9724.98,19545.404843,188513289.12235728,191324
1567382400000,2019-09-02 00:00:00,BTC/USDT,9723.59,10450.0,9712.5,10340.0,44740.248093,448462178.630381,354155
1567468800000,2019-09-03 00:00:00,BTC/USDT,10340.0,10773.0,10272.0,10615.28,47998.376781,505617667.3992669,416076
1567555200000,2019-09-04 00:00:00,BTC/USDT,10611.85,10799.0,10369.89,10567.02,43943.889026,463526509.325937,383457
1567641600000,2019-09-05 00:00:00,BTC/USDT,10565.92,10900.0,10450.0,10564.49,33970.960639,358861340.7897901,309846
1567728000000,2019-09-06 00:00:00,BTC/USDT,10563.13,10905.87,10150.0,10298.73,58799.640959,623662984.3843305,455334
1567814400000,2019-09-07 00:00:00,BTC/USDT,10298.71,10558.0,10288.57,10455.88,27637.877392,287851131.1802577,272011
1567900800000,2019-09-08 00:00:00,BTC/USDT,10455.9,10592.5,10208.0,10381.18,23984.672018,249900964.37153128,237752
1567987200000,2019-09-09 00:00:00,BTC/USDT,10381.24,10480.0,10068.5,10303.12,39835.727608,409724831.94712263,330459
1568073600000,2019-09-10 00:00:00,BTC/USDT,10302.58,10384.99,9953.0,10098.15,28915.412225,294323839.5070076,286763
1568160000000,2019-09-11 00:00:00,BTC/USDT,10098.19,10293.0,9880.0,10158.33,31953.824562,321637085.47650874,309120
1568246400000,2019-09-12 00:00:00,BTC/USDT,10158.75,10448.81,10040.0,10415.01,34511.162755,353390090.96777725,317881
1568332800000,2019-09-13 00:00:00,BTC/USDT,10415.01,10439.0,10153.0,10342.06,30280.339776,311632094.25618845,304947
1568419200000,2019-09-14 00:00:00,BTC/USDT,10344.13,10419.99,10222.33,10335.02,23621.533519,244063007.09022477,253929
1568505600000,2019-09-15 00:00:00,BTC/USDT,10332.81,10360.0,10252.15,10302.01,18047.654013,185853330.43704256,194733
1568592000000,2019-09-16 00:00:00,BTC/USDT,10303.34,10355.0,10078.0,10251.31,28971.401657,296325130.1709013,274368
1568678400000,2019-09-17 00:00:00,BTC/USDT,10249.68,10275.0,10128.01,10187.82,22914.324563,233944812.560508,287483
1568764800000,2019-09-18 00:00:00,BTC/USDT,10187.48,10258.02,10100.0,10156.99,24250.249303,247024351.59799168,299466
1568851200000,2019-09-19 00:00:00,BTC/USDT,10156.41,10325.0,9653.0,10244.29,44826.282579,447676492.9840264,429727
1568937600000,2019-09-20 00:00:00,BTC/USDT,10243.7,10281.0,10061.39,10168.59,25088.491069,255205290.2118373,267032
1569024000000,2019-09-21 00:00:00,BTC/USDT,10167.92,10176.7,9900.0,9986.39,20544.175196,206034034.50803515,245439
1569110400000,2019-09-22 00:00:00,BTC/USDT,9985.15,10089.0,9853.97,10028.87,22049.275256,220133631.61284167,253713
1569196800000,2019-09-23 00:00:00,BTC/USDT,10028.05,10049.99,9615.77,9702.25,31937.232356,314390584.62646127,332817
1569283200000,2019-09-24 00:00:00,BTC/USDT,9702.2,9794.99,7800.0,8493.14,94007.345203,838996309.1611282,748712
1569369600000,2019-09-25 00:00:00,BTC/USDT,8497.55,8730.0,8215.64,8430.05,60783.892258,512437200.3611044,544806
1569456000000,2019-09-26 00:00:00,BTC/USDT,8430.05,8465.99,7750.0,8063.73,67930.853749,552794530.866682,522062
1569542400000,2019-09-27 00:00:00,BTC/USDT,8063.49,8265.0,7852.15,8177.91,43882.924625,352800745.20792854,369518
1569628800000,2019-09-28 00:00:00,BTC/USDT,8177.47,8315.0,8001.09,8198.81,34473.605165,280672404.6804955,319113
1569715200000,2019-09-29 00:00:00,BTC/USDT,8199.38,8229.13,7890.0,8043.82,31544.211388,253660600.3252929,322501
1569801600000,2019-09-30 00:00:00,BTC/USDT,8043.04,8337.26,7710.0,8289.34,55865.48726,449120676.8427603,455556
1569888000000,2019-10-01 00:00:00,BTC/USDT,8289.97,8500.0,8173.05,8292.44,43472.418091,362980689.8799913,387653
1569974400000,2019-10-02 00:00:00,BTC/USDT,8292.67,8373.91,8151.22,8359.94,26243.386644,216325351.8586446,261430
1570060800000,2019-10-03 00:00:00,BTC/USDT,8360.0,8393.0,8060.0,8223.96,30488.284058,250291751.27141392,281307
1570147200000,2019-10-04 00:00:00,BTC/USDT,8224.43,8232.41,8005.0,8137.13,26476.330404,215325611.6822151,259012
1570233600000,2019-10-05 00:00:00,BTC/USDT,8137.09,8183.41,8012.98,8126.19,21907.615564,177252877.0029691,237769
1570320000000,2019-10-06 00:00:00,BTC/USDT,8127.55,8153.87,7785.0,7854.25,34676.104049,275447898.032875,325795
1570406400000,2019-10-07 00:00:00,BTC/USDT,7855.3,8299.92,7762.0,8190.09,52202.072297,420921679.8442632,482605
1570492800000,2019-10-08 00:00:00,BTC/USDT,8190.82,8325.0,8088.75,8168.39,35452.657423,290675248.1414453,395685
1570579200000,2019-10-09 00:00:00,BTC/USDT,8170.79,8670.0,8115.0,8560.74,55038.704378,462845251.8136103,537805
1570665600000,2019-10-10 00:00:00,BTC/USDT,8562.15,8644.0,8414.52,8558.03,39137.946167,333925412.3041418,406932
1570752000000,2019-10-11 00:00:00,BTC/USDT,8557.82,8779.51,8212.38,8258.5,50405.284418,424413201.53293216,471818
1570838400000,2019-10-12 00:00:00,BTC/USDT,8257.95,8400.0,8250.0,8300.09,21339.334098,177707852.5948189,280633
1570924800000,2019-10-13 00:00:00,BTC/USDT,8301.98,8451.37,8160.0,8275.01,27840.739953,232149438.3639587,320051
1571011200000,2019-10-14 00:00:00,BTC/USDT,8275.24,8388.85,8203.0,8348.2,29810.663253,247530733.18003485,345679
1571097600000,2019-10-15 00:00:00,BTC/USDT,8346.86,8403.0,8090.0,8159.29,32773.062476,270727559.77701086,399447
1571184000000,2019-10-16 00:00:00,BTC/USDT,8159.3,8181.16,7917.0,7991.74,34733.593966,279586845.5362138,421026
1571270400000,2019-10-17 00:00:00,BTC/USDT,7995.02,8124.92,7929.03,8070.58,29656.949158,238343204.48251528,356490
1571356800000,2019-10-18 00:00:00,BTC/USDT,8070.71,8115.0,7816.01,7947.01,31353.181416,248931322.1008505,399783
1571443200000,2019-10-19 00:00:00,BTC/USDT,7946.89,8098.1,7866.92,7948.01,26627.889388,211909734.13572004,349746
1571529600000,2019-10-20 00:00:00,BTC/USDT,7949.87,8297.0,7870.0,8223.35,34286.452654,275899861.65387124,396091
1571616000000,2019-10-21 00:00:00,BTC/USDT,8223.35,8333.0,8142.03,8197.27,30448.679539,250117281.63661337,367169
1571702400000,2019-10-22 00:00:00,BTC/USDT,8197.28,8297.99,8000.0,8020.0,34651.828663,283535483.41051364,384699
1571788800000,2019-10-23 00:00:00,BTC/USDT,8020.06,8047.59,7300.0,7466.62,63897.457098,488220760.6464156,610241
1571875200000,2019-10-24 00:00:00,BTC/USDT,7468.47,7503.68,7337.99,7412.41,32714.383265,243246414.9489239,403778
1571961600000,2019-10-25 00:00:00,BTC/USDT,7412.41,8799.0,7361.0,8655.02,90748.218174,737329544.8835196,775418
1572048000000,2019-10-26 00:00:00,BTC/USDT,8655.88,10370.0,8470.38,9230.0,162588.585413,1522244166.4108484,1185369
1572134400000,2019-10-27 00:00:00,BTC/USDT,9230.0,9794.98,9074.34,9529.93,93833.541604,887438297.7462668,799978
1572220800000,2019-10-28 00:00:00,BTC/USDT,9528.23,9902.1,9160.0,9205.14,80174.217323,759178942.9488419,681128
1572307200000,2019-10-29 00:00:00,BTC/USDT,9204.45,9550.0,9072.0,9407.62,64158.462446,600611324.6356996,559589
1572393600000,2019-10-30 00:00:00,BTC/USDT,9407.62,9409.84,9001.01,9154.72,55241.786434,506584830.0313323,524035
1572480000000,2019-10-31 00:00:00,BTC/USDT,9154.02,9405.0,8913.0,9140.85,54376.024902,498152743.7348088,490183
1572566400000,2019-11-01 00:00:00,BTC/USDT,9140.86,9279.0,9030.0,9231.61,43594.814115,398803069.00908464,478002
1572652800000,2019-11-02 00:00:00,BTC/USDT,9231.4,9373.74,9186.21,9289.52,28923.060828,268119579.73009112,325421
1572739200000,2019-11-03 00:00:00,BTC/USDT,9289.85,9362.57,9066.14,9194.71,27894.378279,256664259.6621914,326024
1572825600000,2019-11-04 00:00:00,BTC/USDT,9196.46,9513.68,9115.84,9393.35,45894.456277,426792003.1749065,453749
1572912000000,2019-11-05 00:00:00,BTC/USDT,9392.4,9454.95,9175.76,9308.66,45935.873665,428156963.0785469,492885
1572998400000,2019-11-06 00:00:00,BTC/USDT,9307.73,9440.91,9250.01,9339.05,37336.170372,348607499.83121693,402997
1573084800000,2019-11-07 00:00:00,BTC/USDT,9339.16,9375.0,9101.0,9216.2,39117.470853,361217475.05834645,401984
1573171200000,2019-11-08 00:00:00,BTC/USDT,9214.0,9261.0,8696.0,8773.73,62107.289243,555589995.9935858,567331
1573257600000,2019-11-09 00:00:00,BTC/USDT,8773.74,8880.0,8724.88,8809.41,29469.481405,259733491.8299089,326730
1573344000000,2019-11-10 00:00:00,BTC/USDT,8809.18,9147.19,8750.0,9039.47,34422.029797,307316853.90375423,375946
1573430400000,2019-11-11 00:00:00,BTC/USDT,9040.16,9072.32,8618.68,8733.27,44888.053545,394585996.3292871,415982
1573516800000,2019-11-12 00:00:00,BTC/USDT,8733.36,8888.0,8567.6,8821.94,40366.629471,352675938.430593,406765
1573603200000,2019-11-13 00:00:00,BTC/USDT,8821.91,8844.99,8702.0,8777.12,26810.116918,235060554.1241016,281593
1573689600000,2019-11-14 00:00:00,BTC/USDT,8777.54,8800.0,8582.6,8646.68,33468.468961,290104306.9530332,337019
1573776000000,2019-11-15 00:00:00,BTC/USDT,8646.38,8790.0,8400.0,8471.73,46087.417751,394708981.3155723,423919
1573862400000,2019-11-16 00:00:00,BTC/USDT,8471.62,8543.0,8400.0,8491.02,20902.299752,177222838.38564816,231473
1573948800000,2019-11-17 00:00:00,BTC/USDT,8490.74,8635.0,8350.68,8502.4,27009.037082,229995700.81158423,259594
1574035200000,2019-11-18 00:00:00,BTC/USDT,8502.87,8503.52,8060.0,8187.17,43017.69094,358706174.8252184,366263
1574121600000,2019-11-19 00:00:00,BTC/USDT,8186.5,8218.63,8003.0,8133.64,43556.061025,353463792.04443395,357382
1574208000000,2019-11-20 00:00:00,BTC/USDT,8133.83,8264.29,8038.4,8098.01,32466.23098,263387575.485922,288843
1574294400000,2019-11-21 00:00:00,BTC/USDT,8098.56,8134.73,7500.0,7627.74,58418.780261,455166676.2781802,430062
1574380800000,2019-11-22 00:00:00,BTC/USDT,7627.79,7750.0,6790.0,7268.23,126603.140259,917881536.262084,817604
1574467200000,2019-11-23 00:00:00,BTC/USDT,7268.23,7344.48,7080.01,7311.57,50449.894755,364446217.3737604,414045
1574553600000,2019-11-24 00:00:00,BTC/USDT,7311.1,7330.39,6861.0,6903.28,67890.206483,481922941.3269758,446014
1574640000000,2019-11-25 00:00:00,BTC/USDT,6900.23,7377.69,6515.0,7109.57,119645.735197,831628458.3049068,679721
1574726400000,2019-11-26 00:00:00,BTC/USDT,7109.99,7340.0,7017.48,7156.14,65722.39769,469602476.91268086,433933
1574812800000,2019-11-27 00:00:00,BTC/USDT,7154.75,7655.0,6840.0,7508.52,92452.87349,671646609.1695509,582055
1574899200000,2019-11-28 00:00:00,BTC/USDT,7507.9,7643.0,7360.0,7419.49,56933.981109,427572714.94560075,388953
1574985600000,2019-11-29 00:00:00,BTC/USDT,7418.52,7850.0,7362.3,7739.68,60745.300873,463006956.68515134,412929
1575072000000,2019-11-30 00:00:00,BTC/USDT,7740.99,7810.0,7441.0,7541.89,46989.433619,358749026.3607554,346506
1575158400000,2019-12-01 00:00:00,BTC/USDT,7540.63,7541.85,7210.0,7390.89,60769.342313,446524917.2059704,420573
1575244800000,2019-12-02 00:00:00,BTC/USDT,7391.5,7420.56,7151.1,7294.28,46330.25604,337889295.51018095,326881
1575331200000,2019-12-03 00:00:00,BTC/USDT,7294.42,7400.0,7241.35,7292.71,33149.477487,242379261.10434756,265391
1575417600000,2019-12-04 00:00:00,BTC/USDT,7292.71,7750.0,7067.0,7194.32,83147.149142,608623482.7599232,516158
1575504000000,2019-12-05 00:00:00,BTC/USDT,7194.59,7485.0,7150.0,7389.0,59306.678855,434738864.7840124,430359
1575590400000,2019-12-06 00:00:00,BTC/USDT,7389.0,7590.03,7305.0,7527.47,48189.087944,356905919.01556,367854
1575676800000,2019-12-07 00:00:00,BTC/USDT,7527.8,7619.62,7470.16,7488.21,31498.684173,237000924.85530463,263592
1575763200000,2019-12-08 00:00:00,BTC/USDT,7487.31,7564.0,7374.86,7510.11,29856.897631,223314325.61846468,257514
1575849600000,2019-12-09 00:00:00,BTC/USDT,7510.11,7650.0,7273.0,7338.64,46621.887493,347471155.4826833,359648
1575936000000,2019-12-10 00:00:00,BTC/USDT,7338.64,7407.6,7157.1,7224.13,49723.76214,363127435.3955167,439637
1576022400000,2019-12-11 00:00:00,BTC/USDT,7224.15,7275.5,7125.66,7210.0,30093.091944,217095653.86658928,268269
1576108800000,2019-12-12 00:00:00,BTC/USDT,7210.0,7295.0,7080.3,7198.08,42288.600932,303657479.492691,331414
1576195200000,2019-12-13 00:00:00,BTC/USDT,7197.76,7309.05,7190.76,7258.48,27609.873795,199836160.23365223,252135
1576281600000,2019-12-14 00:00:00,BTC/USDT,7257.37,7271.77,7012.0,7064.05,29561.985967,211004228.015854,276819
1576368000000,2019-12-15 00:00:00,BTC/USDT,7064.14,7200.3,7008.35,7118.59,26395.778137,187402764.56353113,262651
1576454400000,2019-12-16 00:00:00,BTC/USDT,7119.6,7150.0,6836.0,6891.72,43863.993059,307508569.89251375,371202
1576540800000,2019-12-17 00:00:00,BTC/USDT,6891.44,6942.21,6560.0,6623.82,53865.069929,364087469.8222779,454097
1576627200000,2019-12-18 00:00:00,BTC/USDT,6623.84,7440.0,6435.0,7277.83,95636.651251,654057202.1588289,714073
1576713600000,2019-12-19 00:00:00,BTC/USDT,7277.83,7380.0,7038.31,7150.3,55509.049075,397407677.058565,439761
1576800000000,2019-12-20 00:00:00,BTC/USDT,7151.31,7220.0,7079.5,7187.83,32132.069205,229842650.42149535,312766
1576886400000,2019-12-21 00:00:00,BTC/USDT,7188.01,7190.58,7105.0,7132.75,19467.174028,139069157.08645767,212162
1576972800000,2019-12-22 00:00:00,BTC/USDT,7131.59,7518.54,7122.47,7501.44,39137.45515,285577206.9406348,356612
1577059200000,2019-12-23 00:00:00,BTC/USDT,7500.71,7695.38,7265.84,7317.09,68051.997203,510710431.7668603,530669
1577145600000,2019-12-24 00:00:00,BTC/USDT,7317.3,7436.68,7157.04,7255.77,43629.494188,318428019.00091,384678
1577232000000,2019-12-25 00:00:00,BTC/USDT,7255.77,7271.77,7128.86,7204.63,27492.044323,198273303.10954583,289924
1577318400000,2019-12-26 00:00:00,BTC/USDT,7205.01,7435.0,7157.12,7202.0,36259.761076,263289798.9561876,337695
1577404800000,2019-12-27 00:00:00,BTC/USDT,7202.0,7275.86,7076.42,7254.74,33642.701861,242214722.72289035,297262
1577491200000,2019-12-28 00:00:00,BTC/USDT,7254.77,7365.01,7238.67,7316.14,26848.982199,196322192.43800187,272607
1577577600000,2019-12-29 00:00:00,BTC/USDT,7315.36,7528.45,7288.0,7388.24,31387.106085,231731575.8282169,283213
1577664000000,2019-12-30 00:00:00,BTC/USDT,7388.43,7408.24,7220.0,7246.0,29605.911782,216508875.51767525,279033
1577750400000,2019-12-31 00:00:00,BTC/USDT,7246.0,7320.0,7145.01,7195.23,25954.453533,187518399.34504,251976
1577836800000,2020-01-01 00:00:00,BTC/USDT,7195.24,7255.0,7175.15,7200.85,16792.388165,121214452.11606228,194010
1577923200000,2020-01-02 00:00:00,BTC/USDT,7200.77,7212.5,6924.74,6965.71,31951.483932,225982341.3011403,302667
1578009600000,2020-01-03 00:00:00,BTC/USDT,6965.49,7405.0,6871.04,7344.96,68428.500451,495098582.96203536,519854
1578096000000,2020-01-04 00:00:00,BTC/USDT,7345.0,7404.0,7272.21,7354.11,29987.974977,219874240.93994808,279370
1578182400000,2020-01-05 00:00:00,BTC/USDT,7354.19,7495.0,7318.0,7358.75,38331.085604,284848683.7891762,329209
1578268800000,2020-01-06 00:00:00,BTC/USDT,7357.64,7795.34,7346.76,7758.0,54635.695316,413330481.2260492,449937
1578355200000,2020-01-07 00:00:00,BTC/USDT,7758.9,8207.68,7723.71,8145.28,91171.684661,724202791.1429626,685315
1578441600000,2020-01-08 00:00:00,BTC/USDT,8145.92,8455.0,7870.0,8055.98,112622.64264,926410232.6045058,830375
1578528000000,2020-01-09 00:00:00,BTC/USDT,8054.72,8055.96,7750.0,7817.76,64239.51983,507258250.4748797,478800
1578614400000,2020-01-10 00:00:00,BTC/USDT,7817.74,8199.0,7672.0,8197.02,82406.777448,652774220.3884369,606101
1578700800000,2020-01-11 00:00:00,BTC/USDT,8198.86,8286.34,8003.16,8020.01,54810.032667,445034349.5647021,469131
1578787200000,2020-01-12 00:00:00,BTC/USDT,8020.01,8197.0,7960.0,8184.98,38131.494336,309351920.45885,350662
1578873600000,2020-01-13 00:00:00,BTC/USDT,8184.97,8196.0,8055.89,8110.34,31159.755683,252656965.35815012,289144
1578960000000,2020-01-14 00:00:00,BTC/USDT,8110.34,8880.0,8105.54,8810.01,120399.126742,1032735180.8658738,915328
1579046400000,2020-01-15 00:00:00,BTC/USDT,8814.64,8916.48,8564.0,8821.41,84816.297606,743712237.2790816,764048
1579132800000,2020-01-16 00:00:00,BTC/USDT,8820.01,8859.81,8586.0,8720.01,51991.074284,451752380.28108114,543064
1579219200000,2020-01-17 00:00:00,BTC/USDT,8720.15,9041.65,8672.44,8913.28,70897.737377,629568740.707009,676403
1579305600000,2020-01-18 00:00:00,BTC/USDT,8913.27,8988.88,8806.38,8915.96,38294.746545,340852837.9160803,458182
1579392000000,2020-01-19 00:00:00,BTC/USDT,8915.09,9198.98,8466.0,8701.7,70676.889259,623950864.2762928,615665
1579478400000,2020-01-20 00:00:00,BTC/USDT,8701.72,8746.99,8521.28,8642.35,38896.639746,336447837.0018059,385006
1579564800000,2020-01-21 00:00:00,BTC/USDT,8642.35,8789.0,8488.0,8736.03,36494.687659,316056704.984738,365621
1579651200000,2020-01-22 00:00:00,BTC/USDT,8736.04,8818.0,8590.0,8682.36,29080.557138,252638888.21492553,317424
1579737600000,2020-01-23 00:00:00,BTC/USDT,8682.77,8691.81,8306.39,8404.52,48165.944597,407428808.67533696,464805
1579824000000,2020-01-24 00:00:00,BTC/USDT,8404.52,8528.02,8238.0,8439.0,41687.529529,349874174.79003936,407271
1579910400000,2020-01-25 00:00:00,BTC/USDT,8438.99,8451.26,8254.9,8340.58,25521.157932,212869245.63589776,283118
1579996800000,2020-01-26 00:00:00,BTC/USDT,8340.01,8618.13,8293.66,8615.0,31130.485164,263941925.272999,332612
1580083200000,2020-01-27 00:00:00,BTC/USDT,8614.39,9000.0,8535.0,8907.57,53973.542996,473194952.8044688,514196
1580169600000,2020-01-28 00:00:00,BTC/USDT,8907.57,9400.0,8862.4,9374.21,74584.853765,676593159.4823396,616678
1580256000000,2020-01-29 00:00:00,BTC/USDT,9375.34,9449.24,9216.0,9301.53,53864.065122,503188568.8363578,492545
1580342400000,2020-01-30 00:00:00,BTC/USDT,9301.57,9578.0,9204.44,9513.21,60626.744259,569652869.8196837,529570
1580428800000,2020-01-31 00:00:00,BTC/USDT,9511.52,9530.22,9210.01,9352.89,45552.022352,425779010.4065367,428547
1580515200000,2020-02-01 00:00:00,BTC/USDT,9351.71,9464.53,9281.0,9384.61,28578.067354,268137739.9933375,334972
1580601600000,2020-02-02 00:00:00,BTC/USDT,9384.41,9477.03,9120.0,9331.51,45690.91254,428064088.6904683,446558
1580688000000,2020-02-03 00:00:00,BTC/USDT,9331.59,9618.79,9234.0,9292.24,50892.133451,476379993.49247247,492124
1580774400000,2020-02-04 00:00:00,BTC/USDT,9291.35,9350.0,9093.01,9197.02,53308.175266,491136137.2107625,528930
1580860800000,2020-02-05 00:00:00,BTC/USDT,9197.02,9744.45,9177.22,9612.04,64870.415615,613540574.7818311,661758
1580947200000,2020-02-06 00:00:00,BTC/USDT,9612.03,9862.57,9526.35,9772.0,64949.706588,631245079.8223813,682179
1581033600000,2020-02-07 00:00:00,BTC/USDT,9772.0,9885.0,9730.0,9813.73,43966.114632,430744860.1814393,582249
1581120000000,2020-02-08 00:00:00,BTC/USDT,9813.87,9940.0,9667.11,9895.05,43600.843666,427781790.200816,514573
1581206400000,2020-02-09 00:00:00,BTC/USDT,9895.04,10166.0,9880.75,10151.75,43408.475616,437441704.9053964,536848
1581292800000,2020-02-10 00:00:00,BTC/USDT,10151.72,10188.0,9756.0,9851.83,59573.084619,590091358.442907,690308
1581379200000,2020-02-11 00:00:00,BTC/USDT,9851.74,10323.59,9700.0,10223.08,62422.395224,624970415.4054741,710170
1581465600000,2020-02-12 00:00:00,BTC/USDT,10223.08,10450.0,10223.08,10326.46,61008.06393,629756037.5160786,857655
1581552000000,2020-02-13 00:00:00,BTC/USDT,10325.33,10500.0,10080.0,10229.63,79344.358759,815507473.735361,932802
1581638400000,2020-02-14 00:00:00,BTC/USDT,10227.78,10381.56,10111.37,10344.36,47038.480173,482455622.003626,622310
1581724800000,2020-02-15 00:00:00,BTC/USDT,10344.36,10375.0,9801.0,9904.72,57657.202947,580845331.1747848,739781
1581811200000,2020-02-16 00:00:00,BTC/USDT,9904.46,10050.0,9638.12,9917.27,60023.999537,592584876.9040861,708070
1581897600000,2020-02-17 00:00:00,BTC/USDT,9910.7,9964.16,9452.67,9706.0,70261.011901,680009637.6159953,778058
1581984000000,2020-02-18 00:00:00,BTC/USDT,9706.0,10250.0,9576.01,10164.71,70604.124019,696870122.812608,723413
1582070400000,2020-02-19 00:00:00,BTC/USDT,10164.78,10250.0,9350.0,9593.79,55162.586895,547679966.9292257,588760
1582156800000,2020-02-20 00:00:00,BTC/USDT,9594.65,9699.0,9400.0,9596.42,60152.342914,576020107.4626018,667387
1582243200000,2020-02-21 00:00:00,BTC/USDT,9597.21,9755.51,9550.21,9677.05,42181.554524,408286949.8035292,470599
1582329600000,2020-02-22 00:00:00,BTC/USDT,9677.05,9709.17,9560.02,9650.86,24636.757623,237544283.22525856,319961
1582416000000,2020-02-23 00:00:00,BTC/USDT,9650.85,9990.0,9645.0,9936.4,37702.089843,371815095.46744496,441935
1582502400000,2020-02-24 00:00:00,BTC/USDT,9936.4,9990.0,9473.56,9656.13,55796.59612,542081527.6408329,589384
1582588800000,2020-02-25 00:00:00,BTC/USDT,9655.52,9675.0,9250.0,9315.84,54379.344552,514946930.5660231,579079
1582675200000,2020-02-26 00:00:00,BTC/USDT,9316.48,9377.44,8633.63,8785.25,92130.345482,830717784.3790948,871018
1582761600000,2020-02-27 00:00:00,BTC/USDT,8786.0,8971.77,8531.0,8823.21,72483.578762,636955872.7625463,696646
1582848000000,2020-02-28 00:00:00,BTC/USDT,8823.25,8900.0,8445.0,8692.91,71155.208977,615664817.0103912,655727
1582934400000,2020-02-29 00:00:00,BTC/USDT,8690.8,8790.0,8523.55,8523.61,36748.183035,318585951.9885324,414175
1583020800000,2020-03-01 00:00:00,BTC/USDT,8523.61,8750.0,8411.0,8531.88,43892.201779,375729315.25408256,472019
1583107200000,2020-03-02 00:00:00,BTC/USDT,8530.3,8965.75,8498.0,8915.24,60401.31773,528906629.5628192,564535
1583193600000,2020-03-03 00:00:00,BTC/USDT,8911.18,8919.65,8651.0,8760.07,55154.997282,484181096.3229558,512762
1583280000000,2020-03-04 00:00:00,BTC/USDT,8760.07,8848.29,8660.0,8750.87,38696.482578,338849891.95293546,454817
1583366400000,2020-03-05 00:00:00,BTC/USDT,8750.99,9159.42,8746.54,9054.68,58201.866355,524102029.20478296,619552
1583452800000,2020-03-06 00:00:00,BTC/USDT,9054.64,9170.0,8985.5,9131.88,43782.948044,397598476.42056286,493216
1583539200000,2020-03-07 00:00:00,BTC/USDT,9130.89,9188.0,8835.0,8886.66,45422.204525,409983263.789138,485400
1583625600000,2020-03-08 00:00:00,BTC/USDT,8885.25,8886.76,8000.0,8033.31,77537.315166,656931544.7821604,740741
1583712000000,2020-03-09 00:00:00,BTC/USDT,8034.76,8179.31,7632.01,7929.87,116968.863268,918787729.0855838,929234
1583798400000,2020-03-10 00:00:00,BTC/USDT,7929.87,8149.0,7728.01,7894.56,86783.443875,689700153.4490932,737528
1583884800000,2020-03-11 00:00:00,BTC/USDT,7894.57,7980.0,7590.0,7934.52,79942.411172,624465167.3648188,699401
1583971200000,2020-03-12 00:00:00,BTC/USDT,7934.58,7966.17,4410.0,4800.0,261505.608653,1628590104.2222133,1770812
1584057600000,2020-03-13 00:00:00,BTC/USDT,4800.01,5955.0,3782.13,5578.6,402201.673764,2063819540.6389947,2309830
1584144000000,2020-03-14 00:00:00,BTC/USDT,5576.05,5640.52,5055.13,5172.06,136910.135974,736651880.9210789,1106125
1584230400000,2020-03-15 00:00:00,BTC/USDT,5172.48,5940.0,5093.1,5361.3,139916.146534,753755706.4268771,1037714
1584316800000,2020-03-16 00:00:00,BTC/USDT,5360.33,5365.42,4442.12,5028.97,227276.92276,1113690309.1015868,1608176
1584403200000,2020-03-17 00:00:00,BTC/USDT,5028.86,5525.0,4921.45,5312.64,150089.926318,793147908.2684975,1069217
1584489600000,2020-03-18 00:00:00,BTC/USDT,5312.64,5436.17,5009.37,5393.04,137127.634894,719748122.45302,962843
1584576000000,2020-03-19 00:00:00,BTC/USDT,5393.26,6400.0,5252.53,6162.37,199020.873439,1164739707.514236,1403608
1584662400000,2020-03-20 00:00:00,BTC/USDT,6162.05,6900.0,5670.0,6208.36,219298.329514,1401734013.175202,1580069
1584748800000,2020-03-21 00:00:00,BTC/USDT,6204.57,6456.98,5860.02,6186.98,128913.668363,794962136.6384171,990974
1584835200000,2020-03-22 00:00:00,BTC/USDT,6187.04,6407.87,5734.01,5816.19,119115.990527,722895653.5100614,952259
1584921600000,2020-03-23 00:00:00,BTC/USDT,5816.05,6600.0,5688.0,6467.31,164674.215785,1015525672.0743864,1099406
1585008000000,2020-03-24 00:00:00,BTC/USDT,6465.25,6833.0,6371.33,6744.72,151138.009878,1001890515.2399886,1012669
1585094400000,2020-03-25 00:00:00,BTC/USDT,6744.69,6957.96,6450.0,6677.43,132155.734989,880250736.9079887,912179
1585180800000,2020-03-26 00:00:00,BTC/USDT,6677.42,6780.0,6510.0,6737.36,83026.555211,552537189.4793514,668467
1585267200000,2020-03-27 00:00:00,BTC/USDT,6737.27,6842.59,6261.0,6359.11,82914.968354,551326113.8552039,643631
1585353600000,2020-03-28 00:00:00,BTC/USDT,6359.11,6360.0,6024.0,6236.65,93159.693429,577986706.1289365,725588
1585440000000,2020-03-29 00:00:00,BTC/USDT,6236.65,6266.0,5866.56,5881.42,63311.627714,383707122.50096285,496709
1585526400000,2020-03-30 00:00:00,BTC/USDT,5880.5,6599.0,5857.76,6394.38,118889.549992,747569726.4544197,784034
1585612800000,2020-03-31 00:00:00,BTC/USDT,6394.45,6523.23,6321.4,6410.44,72337.595259,465780496.6224872,538231
1585699200000,2020-04-01 00:00:00,BTC/USDT,6412.14,6679.94,6150.11,6642.92,97500.7524,618527468.834164,758061
1585785600000,2020-04-02 00:00:00,BTC/USDT,6643.36,7198.0,6551.0,6794.09,149299.906871,1014494762.4416422,1101043
1585872000000,2020-04-03 00:00:00,BTC/USDT,6793.86,7048.0,6602.1,6734.1,104080.276939,710254017.100272,840456
1585958400000,2020-04-04 00:00:00,BTC/USDT,6732.97,6990.41,6650.01,6856.99,72990.861139,495076283.5209042,659051
1586044800000,2020-04-05 00:00:00,BTC/USDT,6857.41,6895.54,6677.52,6772.78,49685.356983,337062083.002028,506433
1586131200000,2020-04-06 00:00:00,BTC/USDT,6772.78,7355.14,6765.0,7329.9,118052.000832,837357664.6519214,956586
1586217600000,2020-04-07 00:00:00,BTC/USDT,7329.9,7459.69,7077.0,7197.32,103585.168918,757201786.6976631,924436
1586304000000,2020-04-08 00:00:00,BTC/USDT,7197.32,7420.0,7150.0,7361.28,76059.145838,555122600.275026,750516
1586390400000,2020-04-09 00:00:00,BTC/USDT,7360.26,7371.92,7108.08,7283.54,61094.872417,444741085.9037586,686207
1586476800000,2020-04-10 00:00:00,BTC/USDT,7283.54,7295.75,6739.98,6858.92,104674.623375,727281590.7719399,949050
1586563200000,2020-04-11 00:00:00,BTC/USDT,6858.92,6944.3,6760.0,6876.83,45470.293206,311699573.516674,484618
1586649600000,2020-04-12 00:00:00,BTC/USDT,6876.84,7177.0,6780.0,6903.79,73868.666501,516235035.1865113,648323
1586736000000,2020-04-13 00:00:00,BTC/USDT,6903.79,6903.79,6575.0,6837.91,96415.476573,649390681.2485026,804179
1586822400000,2020-04-14 00:00:00,BTC/USDT,6838.04,6978.0,6754.28,6868.7,69068.623285,474794776.19211113,608665
1586908800000,2020-04-15 00:00:00,BTC/USDT,6868.57,6933.0,6605.0,6621.24,61571.384994,416947490.61569566,581374
1586995200000,2020-04-16 00:00:00,BTC/USDT,6621.25,7190.0,6468.27,7101.94,125009.857539,865277543.3946935,971163
1587081600000,2020-04-17 00:00:00,BTC/USDT,7101.99,7148.12,6972.98,7027.55,54126.509763,382334236.1694789,537554
1587168000000,2020-04-18 00:00:00,BTC/USDT,7026.78,7293.08,7014.4,7248.6,49488.542819,354845083.7761889,494670
1587254400000,2020-04-19 00:00:00,BTC/USDT,7248.6,7266.15,7055.6,7120.74,45664.86393,326485586.9317384,483574
1587340800000,2020-04-20 00:00:00,BTC/USDT,7121.4,7220.0,6751.0,6826.83,90149.49137,629612368.7476892,785174
1587427200000,2020-04-21 00:00:00,BTC/USDT,6828.98,6940.0,6762.0,6841.37,60109.710808,411800606.08159715,555797
1587513600000,2020-04-22 00:00:00,BTC/USDT,6841.36,7156.38,6818.0,7125.14,61486.377334,431271646.1755991,508659
1587600000000,2020-04-23 00:00:00,BTC/USDT,7125.12,7738.0,7020.0,7482.39,102773.569561,756320213.5858521,881099
1587686400000,2020-04-24 00:00:00,BTC/USDT,7483.96,7615.96,7388.0,7505.0,60182.119939,452118137.7940016,601093
1587772800000,2020-04-25 00:00:00,BTC/USDT,7505.0,7705.0,7431.07,7538.67,43874.427726,331292050.77197313,521943
1587859200000,2020-04-26 00:00:00,BTC/USDT,7539.03,7700.0,7480.0,7693.1,50522.616209,384202783.2747096,554480
1587945600000,2020-04-27 00:00:00,BTC/USDT,7693.1,7792.02,7606.0,7774.62,65441.339576,504025811.6512536,637800
1588032000000,2020-04-28 00:00:00,BTC/USDT,7773.51,7780.0,7659.12,7738.98,46302.752638,357391780.9307627,499414
1588118400000,2020-04-29 00:00:00,BTC/USDT,7738.58,8952.89,7710.05,8778.57,183546.887514,1536390177.0449488,1433128
1588204800000,2020-04-30 00:00:00,BTC/USDT,8778.58,9460.0,8401.0,8620.0,206277.214124,1839283907.4625196,1661554
1588291200000,2020-05-01 00:00:00,BTC/USDT,8620.0,9059.18,8613.56,8826.96,91468.815059,805640126.6308703,865960
1588377600000,2020-05-02 00:00:00,BTC/USDT,8825.67,9010.0,8753.0,8972.05,59002.08755,523838859.5442492,637884
1588464000000,2020-05-03 00:00:00,BTC/USDT,8972.58,9200.0,8712.0,8894.16,90126.065643,808427095.9321591,877460
1588550400000,2020-05-04 00:00:00,BTC/USDT,8894.15,8950.0,8522.0,8871.96,84418.512331,738343818.6939254,848802
1588636800000,2020-05-05 00:00:00,BTC/USDT,8871.92,9118.58,8760.0,9021.83,76480.765342,683083018.8779808,812543
1588723200000,2020-05-06 00:00:00,BTC/USDT,9021.36,9395.0,8906.21,9142.92,105925.30242,972793508.4649074,1007661
1588809600000,2020-05-07 00:00:00,BTC/USDT,9143.4,10067.0,9021.0,9986.4,147154.611378,1409783462.006364,1254835
1588896000000,2020-05-08 00:00:00,BTC/USDT,9986.3,10035.96,9705.0,9800.01,100683.7964,997005843.7404792,967816
1588982400000,2020-05-09 00:00:00,BTC/USDT,9800.02,9914.25,9520.0,9539.4,81950.679567,795001351.6797024,839384
1589068800000,2020-05-10 00:00:00,BTC/USDT,9539.1,9574.83,8117.0,8722.77,183865.182028,1594996476.9756367,1565771
1589155200000,2020-05-11 00:00:00,BTC/USDT,8722.77,9168.0,8200.0,8561.52,168807.251832,1468392820.7608037,1367382
1589241600000,2020-05-12 00:00:00,BTC/USDT,8562.04,8978.26,8528.78,8810.79,86522.780066,760195457.0509585,784859
1589328000000,2020-05-13 00:00:00,BTC/USDT,8810.99,9398.0,8792.99,9309.37,92466.274018,839725719.9602077,869216
1589414400000,2020-05-14 00:00:00,BTC/USDT,9309.35,9939.0,9256.76,9791.98,129565.37747,1247456797.813666,1199530
1589500800000,2020-05-15 00:00:00,BTC/USDT,9791.97,9845.62,9150.0,9316.42,115890.761516,1099721375.8919055,1055630
1589587200000,2020-05-16 00:00:00,BTC/USDT,9315.96,9588.0,9220.0,9381.27,59587.627862,560547005.0259086,692028
1589673600000,2020-05-17 00:00:00,BTC/USDT,9380.81,9888.0,9322.1,9680.04,68647.764323,663088800.815278,722718
1589760000000,2020-05-18 00:00:00,BTC/USDT,9681.11,9950.0,9464.23,9733.93,82006.603583,797622297.3261682,794292
1589846400000,2020-05-19 00:00:00,BTC/USDT,9733.93,9897.21,9474.0,9775.53,78539.760454,760713946.0085461,773581
1589932800000,2020-05-20 00:00:00,BTC/USDT,9775.13,9842.0,9326.0,9511.43,74923.73809,721190802.7634026,731189
1590019200000,2020-05-21 00:00:00,BTC/USDT,9511.43,9578.47,8815.0,9068.65,108928.780969,1002046265.9412596,951971
1590105600000,2020-05-22 00:00:00,BTC/USDT,9067.51,9271.0,8933.52,9170.0,58943.131024,537847834.4967086,693694
1590192000000,2020-05-23 00:00:00,BTC/USDT,9170.0,9307.85,9070.0,9179.15,43526.296966,400407195.6289224,512460
1590278400000,2020-05-24 00:00:00,BTC/USDT,9179.01,9298.0,8700.0,8720.34,70379.86645,636787240.3733248,774088
1590364800000,2020-05-25 00:00:00,BTC/USDT,8718.14,8979.66,8642.72,8900.35,62833.910949,553545285.9140139,733557
1590451200000,2020-05-26 00:00:00,BTC/USDT,8900.35,9017.67,8700.0,8841.18,58299.770138,516455128.890688,678304
1590537600000,2020-05-27 00:00:00,BTC/USDT,8841.0,9225.0,8811.73,9204.07,68910.355514,624660855.7800369,662850
1590624000000,2020-05-28 00:00:00,BTC/USDT,9204.07,9625.47,9110.0,9575.89,74110.787662,693930106.1813825,738725
1590710400000,2020-05-29 00:00:00,BTC/USDT,9575.87,9605.26,9330.0,9427.07,57374.362961,542758086.6064701,593705
1590796800000,2020-05-30 00:00:00,BTC/USDT,9426.6,9740.0,9331.23,9697.72,55665.27254,530598690.0714505,651290
1590883200000,2020-05-31 00:00:00,BTC/USDT,9697.72,9700.0,9381.41,9448.27,48333.786403,461272298.85252047,651473
1590969600000,2020-06-01 00:00:00,BTC/USDT,9448.27,10380.0,9421.67,10200.77,76649.12696,749707596.6593573,826964
1591056000000,2020-06-02 00:00:00,BTC/USDT,10202.71,10228.99,9266.0,9518.04,108970.773151,1070060237.1302092,1004312
1591142400000,2020-06-03 00:00:00,BTC/USDT,9518.02,9690.0,9365.21,9666.24,46252.644939,441928818.0430156,562784
1591228800000,2020-06-04 00:00:00,BTC/USDT,9666.32,9881.63,9450.0,9789.06,57456.100969,557234945.6467389,665881
1591315200000,2020-06-05 00:00:00,BTC/USDT,9788.14,9854.75,9581.0,9621.16,47788.05005,465200788.2036338,566062
1591401600000,2020-06-06 00:00:00,BTC/USDT,9621.17,9735.0,9531.05,9666.3,32752.950893,315604867.236149,435796
1591488000000,2020-06-07 00:00:00,BTC/USDT,9666.85,9802.0,9372.46,9746.99,57952.848385,556919603.7915448,637766
1591574400000,2020-06-08 00:00:00,BTC/USDT,9746.99,9800.0,9633.0,9782.01,40664.664125,395459395.8213373,485139
1591660800000,2020-06-09 00:00:00,BTC/USDT,9782.0,9877.0,9570.0,9772.43,46024.001289,447208895.8386984,551863
1591747200000,2020-06-10 00:00:00,BTC/USDT,9772.44,9992.72,9704.18,9885.0,47130.762982,462384305.3511994,560909
1591833600000,2020-06-11 00:00:00,BTC/USDT,9885.22,9964.0,9113.0,9280.4,94418.98473,902075648.5453848,966502
1591920000000,2020-06-12 00:00:00,BTC/USDT,9278.88,9557.12,9232.51,9465.13,50119.066932,472007894.37567526,553203
1592006400000,2020-06-13 00:00:00,BTC/USDT,9464.96,9494.73,9351.0,9473.34,27759.784851,261673162.2584724,392763
1592092800000,2020-06-14 00:00:00,BTC/USDT,9473.34,9480.99,9245.0,9342.1,30055.506608,282131272.3800662,415568
1592179200000,2020-06-15 00:00:00,BTC/USDT,9342.1,9495.0,8910.45,9426.02,86107.924707,793518842.5509843,839521
1592265600000,2020-06-16 00:00:00,BTC/USDT,9426.05,9589.0,9373.09,9525.59,52052.446927,494458269.13979113,543481
1592352000000,2020-06-17 00:00:00,BTC/USDT,9526.97,9565.0,9236.61,9465.14,48046.411152,453209812.22578067,536158
1592438400000,2020-06-18 00:00:00,BTC/USDT,9465.13,9489.0,9280.0,9386.32,37381.953765,351649555.0725387,475074
1592524800000,2020-06-19 00:00:00,BTC/USDT,9386.32,9438.3,9215.79,9310.23,45330.983673,423086965.1927383,503484
1592611200000,2020-06-20 00:00:00,BTC/USDT,9310.23,9395.0,9170.95,9358.95,30329.065384,282120360.5567526,382778
1592697600000,2020-06-21 00:00:00,BTC/USDT,9358.95,9422.0,9281.54,9294.69,24316.926234,227467940.6102112,321015
1592784000000,2020-06-22 00:00:00,BTC/USDT,9294.69,9780.0,9277.09,9685.69,57895.468343,550995799.0694705,588704
1592870400000,2020-06-23 00:00:00,BTC/USDT,9685.69,9720.0,9577.03,9624.89,41031.02938,395487616.460878,474319
1592956800000,2020-06-24 00:00:00,BTC/USDT,9624.33,9670.0,9208.0,9296.49,61571.561464,579426702.7966821,572362
1593043200000,2020-06-25 00:00:00,BTC/USDT,9298.33,9340.0,9009.69,9249.49,55831.619156,514396747.4047828,536205
1593129600000,2020-06-26 00:00:00,BTC/USDT,9249.49,9298.0,9045.45,9162.21,50292.298277,461347064.8295031,510947
1593216000000,2020-06-27 00:00:00,BTC/USDT,9162.21,9196.24,8833.0,9012.0,46290.930113,419606802.23720133,499415
1593302400000,2020-06-28 00:00:00,BTC/USDT,9012.0,9191.0,8948.06,9116.35,30688.176421,278721674.9221112,374404
1593388800000,2020-06-29 00:00:00,BTC/USDT,9116.16,9238.0,9024.67,9192.56,42120.293261,384206326.4706804,434299
1593475200000,2020-06-30 00:00:00,BTC/USDT,9192.93,9205.0,9064.89,9138.55,31463.162801,287781334.51701576,328083
1593561600000,2020-07-01 00:00:00,BTC/USDT,9138.08,9292.0,9080.1,9232.0,38488.528699,354087627.1696612,374832
1593648000000,2020-07-02 00:00:00,BTC/USDT,9231.99,9261.96,8940.0,9086.54,45725.168076,417724468.8873568,470292
1593734400000,2020-07-03 00:00:00,BTC/USDT,9086.54,9125.0,9037.47,9058.26,28943.420177,263123750.4671724,343189
1593820800000,2020-07-04 00:00:00,BTC/USDT,9057.79,9190.0,9040.04,9135.46,26441.968484,240576054.91572312,335225
1593907200000,2020-07-05 00:00:00,BTC/USDT,9135.0,9145.24,8893.03,9069.41,34073.653627,308410443.6592152,384500
1593993600000,2020-07-06 00:00:00,BTC/USDT,9069.41,9375.0,9055.92,9344.2,54463.132277,502548376.20946366,533540
1594080000000,2020-07-07 00:00:00,BTC/USDT,9342.47,9379.42,9203.0,9257.39,34587.336678,320576525.3553498,433481
1594166400000,2020-07-08 00:00:00,BTC/USDT,9257.4,9470.0,9231.0,9436.06,56140.517781,525344876.6999235,652605
1594252800000,2020-07-09 00:00:00,BTC/USDT,9436.06,9440.79,9160.0,9232.43,48044.450645,447640493.54432976,575491
1594339200000,2020-07-10 00:00:00,BTC/USDT,9232.42,9317.48,9125.0,9288.34,38295.494006,352238898.7694825,525484
1594425600000,2020-07-11 00:00:00,BTC/USDT,9288.34,9299.28,9178.25,9234.03,22561.366,208410250.50959367,413452
1594512000000,2020-07-12 00:00:00,BTC/USDT,9234.02,9345.0,9157.5,9302.75,30872.702286,285591381.4915314,484875
1594598400000,2020-07-13 00:00:00,BTC/USDT,9303.31,9343.82,9200.89,9242.62,42740.069115,396614086.7962699,642552
1594684800000,2020-07-14 00:00:00,BTC/USDT,9242.61,9279.54,9113.0,9255.85,45772.552509,421789086.45494735,613139
1594771200000,2020-07-15 00:00:00,BTC/USDT,9255.85,9276.49,9160.57,9197.6,39053.579665,360201683.49480516,554780
1594857600000,2020-07-16 00:00:00,BTC/USDT,9197.6,9226.15,9047.25,9133.72,43375.571191,395883667.0248003,681807
1594944000000,2020-07-17 00:00:00,BTC/USDT,9133.72,9186.83,9089.81,9154.32,28054.358741,256360345.57676795,470991
1595030400000,2020-07-18 00:00:00,BTC/USDT,9154.31,9219.3,9121.1,9170.28,22554.541457,206628105.36278892,430377
1595116800000,2020-07-19 00:00:00,BTC/USDT,9170.3,9232.27,9101.35,9208.99,26052.019417,238521988.0313255,440449
1595203200000,2020-07-20 00:00:00,BTC/USDT,9208.99,9221.52,9131.0,9160.78,35458.764082,325297289.27265835,557096
1595289600000,2020-07-21 00:00:00,BTC/USDT,9160.78,9437.73,9152.8,9390.0,60413.582486,563360524.7994282,782959
1595376000000,2020-07-22 00:00:00,BTC/USDT,9390.0,9544.0,9261.0,9518.16,48815.004107,457776105.6155714,663029
1595462400000,2020-07-23 00:00:00,BTC/USDT,9518.16,9664.0,9440.33,9603.27,51856.2335,494282948.7336824,735371
1595548800000,2020-07-24 00:00:00,BTC/USDT,9603.27,9637.0,9463.44,9537.8,43931.136205,419240263.5218282,677725
1595635200000,2020-07-25 00:00:00,BTC/USDT,9538.1,9732.9,9513.0,9700.42,40679.545416,391431695.7168218,675222
1595721600000,2020-07-26 00:00:00,BTC/USDT,9700.42,10111.0,9650.0,9931.54,65279.269319,644607634.4817771,945611
1595808000000,2020-07-27 00:00:00,BTC/USDT,9931.54,11394.86,9917.21,11029.96,150188.933144,1580355372.0991797,1901088
1595894400000,2020-07-28 00:00:00,BTC/USDT,11029.96,11242.23,10565.0,10906.27,97267.734187,1065375500.1891888,1475636
1595980800000,2020-07-29 00:00:00,BTC/USDT,10906.27,11342.82,10812.0,11100.53,76838.094233,853242253.6158236,1127302
1596067200000,2020-07-30 00:00:00,BTC/USDT,11100.52,11170.0,10831.0,11099.61,60794.826456,669779541.8872833,879960
1596153600000,2020-07-31 00:00:00,BTC/USDT,11099.79,11444.0,10960.0,11335.46,70063.660974,786344325.8552314,971584
1596240000000,2020-08-01 00:00:00,BTC/USDT,11335.46,11861.0,11220.0,11801.17,85087.485126,987817017.3186324,1174252
1596326400000,2020-08-02 00:00:00,BTC/USDT,11801.17,12123.46,10518.5,11071.35,97553.077604,1105757335.5281618,1459900
1596412800000,2020-08-03 00:00:00,BTC/USDT,11071.36,11473.0,10936.0,11219.81,56931.841475,641127593.2614517,919185
1596499200000,2020-08-04 00:00:00,BTC/USDT,11219.68,11414.98,11000.0,11191.97,58629.113709,658084242.6797222,863692
1596585600000,2020-08-05 00:00:00,BTC/USDT,11191.99,11780.93,11093.0,11744.91,74970.256852,861433645.4244397,964637
1596672000000,2020-08-06 00:00:00,BTC/USDT,11744.91,11900.0,11562.5,11762.46,63529.08502,746479211.7155949,919918
1596758400000,2020-08-07 00:00:00,BTC/USDT,11762.47,11909.94,11322.0,11594.23,65755.926022,767005529.2821208,940045
1596844800000,2020-08-08 00:00:00,BTC/USDT,11594.36,11808.27,11512.0,11761.41,41858.16104,489087264.3602809,779318
1596931200000,2020-08-09 00:00:00,BTC/USDT,11761.02,11797.11,11521.97,11681.68,41493.067342,483708602.8963804,853386
1597017600000,2020-08-10 00:00:00,BTC/USDT,11681.69,12067.35,11450.0,11892.92,84952.337887,1009169063.3832128,1340835
1597104000000,2020-08-11 00:00:00,BTC/USDT,11892.9,11935.0,11125.0,11392.08,90748.284634,1049615697.1379416,1343979
1597190400000,2020-08-12 00:00:00,BTC/USDT,11392.09,11617.52,11150.0,11564.33,64909.613644,743303608.0999826,1104096
1597276800000,2020-08-13 00:00:00,BTC/USDT,11564.34,11792.96,11270.36,11780.0,70132.491502,809611114.2132485,1243382
1597363200000,2020-08-14 00:00:00,BTC/USDT,11779.77,11850.0,11634.03,11760.54,59818.852697,702273220.6964157,1011746
1597449600000,2020-08-15 00:00:00,BTC/USDT,11760.55,11980.0,11680.0,11852.4,56237.90505,667446824.0641296,1018956
1597536000000,2020-08-16 00:00:00,BTC/USDT,11852.4,11931.72,11686.0,11911.0,41368.236906,489731524.6369436,790240
1597622400000,2020-08-17 00:00:00,BTC/USDT,11910.99,12468.0,11769.78,12281.13,84734.21154,1026883452.894772,1210228
1597708800000,2020-08-18 00:00:00,BTC/USDT,12281.15,12387.77,11817.93,11945.01,75923.835527,920402307.1768104,1189390
1597795200000,2020-08-19 00:00:00,BTC/USDT,11945.1,12020.08,11561.0,11754.59,73940.169606,870612801.5295693,1258060
1597881600000,2020-08-20 00:00:00,BTC/USDT,11754.38,11888.0,11668.0,11853.55,46085.254351,543576025.0485107,798027
1597968000000,2020-08-21 00:00:00,BTC/USDT,11853.54,11878.0,11485.81,11531.34,64448.306142,755451999.6540914,1189668
1598054400000,2020-08-22 00:00:00,BTC/USDT,11531.23,11686.0,11376.81,11662.96,43678.701646,504305451.410864,809328
1598140800000,2020-08-23 00:00:00,BTC/USDT,11663.51,11718.07,11514.13,11648.13,37900.00469,440406018.65187865,627352
1598227200000,2020-08-24 00:00:00,BTC/USDT,11648.12,11824.9,11585.09,11748.2,46212.391867,542298951.538298,656584
1598313600000,2020-08-25 00:00:00,BTC/USDT,11748.19,11767.85,11117.64,11318.42,69590.923272,797034671.6452801,996668
1598400000000,2020-08-26 00:00:00,BTC/USDT,11318.42,11539.32,11244.0,11461.43,53998.231231,615452789.9673375,862654
1598486400000,2020-08-27 00:00:00,BTC/USDT,11461.42,11592.2,11125.0,11330.38,63246.036383,717474981.6640126,959270
1598572800000,2020-08-28 00:00:00,BTC/USDT,11330.38,11542.65,11276.89,11526.91,45953.908365,525606229.654251,719985
1598659200000,2020-08-29 00:00:00,BTC/USDT,11526.9,11580.02,11417.04,11465.84,32973.7992,379228275.2707224,611834
1598745600000,2020-08-30 00:00:00,BTC/USDT,11465.84,11719.0,11458.0,11711.16,43177.879054,501375342.93503886,756541
1598832000000,2020-08-31 00:00:00,BTC/USDT,11711.17,11800.77,11570.0,11649.51,55353.617744,646723855.5714536,822062
1598918400000,2020-09-01 00:00:00,BTC/USDT,11649.51,12050.85,11515.0,11921.97,78148.193668,928047313.4889666,1321492
1599004800000,2020-09-02 00:00:00,BTC/USDT,11921.97,11954.57,11160.1,11388.54,87221.845602,1005391012.1338753,1373524
1599091200000,2020-09-03 00:00:00,BTC/USDT,11388.54,11462.6,9960.8,10140.85,121950.106015,1325106403.3158674,1611610
1599177600000,2020-09-04 00:00:00,BTC/USDT,10138.29,10627.05,9875.5,10446.25,92733.599113,959925718.3512753,1434860
1599264000000,2020-09-05 00:00:00,BTC/USDT,10446.25,10565.68,9825.0,10166.69,90001.605568,917578408.8761182,1476782
1599350400000,2020-09-06 00:00:00,BTC/USDT,10166.69,10347.14,9994.86,10256.2,56368.788815,574903000.2351745,1053192
1599436800000,2020-09-07 00:00:00,BTC/USDT,10255.89,10410.75,9875.0,10373.44,62620.230676,634278537.8151095,927363
1599523200000,2020-09-08 00:00:00,BTC/USDT,10373.45,10438.0,9850.0,10126.65,73491.878418,742947901.9712393,1048125
1599609600000,2020-09-09 00:00:00,BTC/USDT,10126.66,10343.0,9981.01,10219.2,49347.113776,503082625.2147909,755560
1599696000000,2020-09-10 00:00:00,BTC/USDT,10219.29,10483.35,10070.83,10336.87,58253.75375,602390078.4922807,851877
1599782400000,2020-09-11 00:00:00,BTC/USDT,10336.86,10397.6,10200.0,10387.89,43830.254467,451241002.66033614,637869
1599868800000,2020-09-12 00:00:00,BTC/USDT,10387.89,10477.97,10269.25,10440.92,35379.153096,366912671.4437269,577724
1599955200000,2020-09-13 00:00:00,BTC/USDT,10440.67,10580.11,10200.0,10332.83,43837.609865,455338605.3291489,692439
1600041600000,2020-09-14 00:00:00,BTC/USDT,10332.84,10750.0,10212.34,10671.77,67059.291361,706175591.3866128,828957
1600128000000,2020-09-15 00:00:00,BTC/USDT,10671.77,10930.04,10606.48,10785.31,61822.452786,666457161.1491377,893852
1600214400000,2020-09-16 00:00:00,BTC/USDT,10785.23,11093.0,10661.22,10954.01,64991.51244,708644989.4830699,884153
1600300800000,2020-09-17 00:00:00,BTC/USDT,10954.01,11045.46,10745.83,10939.99,55601.614529,605010288.7799246,829137
1600387200000,2020-09-18 00:00:00,BTC/USDT,10940.0,11038.03,10812.84,10933.39,47266.728275,516147935.6692284,717371
1600473600000,2020-09-19 00:00:00,BTC/USDT,10933.4,11179.79,10887.37,11080.65,38440.036858,423651901.1577304,620127
1600560000000,2020-09-20 00:00:00,BTC/USDT,11080.64,11080.64,10723.0,10920.28,39157.922565,426815210.75551224,646329
1600646400000,2020-09-21 00:00:00,BTC/USDT,10920.28,10988.86,10296.35,10417.22,70683.431179,751020795.2358837,1028531
1600732800000,2020-09-22 00:00:00,BTC/USDT,10417.22,10572.71,10353.0,10529.61,43991.235476,460362500.7284081,738576
1600819200000,2020-09-23 00:00:00,BTC/USDT,10529.61,10537.15,10136.82,10241.46,51876.568079,539362015.157462,774391
1600905600000,2020-09-24 00:00:00,BTC/USDT,10241.46,10795.24,10190.93,10736.32,57676.619427,604520870.055638,789282
1600992000000,2020-09-25 00:00:00,BTC/USDT,10736.33,10760.53,10556.24,10686.67,48101.117008,512647249.14932007,733430
1601078400000,2020-09-26 00:00:00,BTC/USDT,10686.57,10820.94,10644.68,10728.6,28420.836659,304511477.68085533,502670
1601164800000,2020-09-27 00:00:00,BTC/USDT,10728.59,10799.0,10594.82,10774.25,30549.483253,327169249.4549957,516004
1601251200000,2020-09-28 00:00:00,BTC/USDT,10774.26,10950.0,10626.0,10696.12,50095.251734,544463219.5978093,686664
1601337600000,2020-09-29 00:00:00,BTC/USDT,10696.11,10867.54,10635.87,10840.48,41874.898399,449345822.46022886,587576
1601424000000,2020-09-30 00:00:00,BTC/USDT,10840.58,10849.34,10665.13,10776.59,39596.027322,425279696.28526336,595383
1601510400000,2020-10-01 00:00:00,BTC/USDT,10776.59,10920.0,10437.0,10619.13,60866.332893,652168989.4617349,794855
1601596800000,2020-10-02 00:00:00,BTC/USDT,10619.13,10664.64,10374.0,10570.4,50130.393705,526864379.3093653,777193
1601683200000,2020-10-03 00:00:00,BTC/USDT,10570.4,10603.56,10496.46,10542.06,22298.221341,235160884.60853615,381329
1601769600000,2020-10-04 00:00:00,BTC/USDT,10542.07,10696.87,10517.87,10666.63,23212.001595,246252050.90681073,377553
1601856000000,2020-10-05 00:00:00,BTC/USDT,10666.62,10798.0,10615.64,10792.21,34025.761653,364158510.23798054,483340
1601942400000,2020-10-06 00:00:00,BTC/USDT,10792.2,10800.0,10525.0,10599.66,48674.740471,520051256.0821992,734526
1602028800000,2020-10-07 00:00:00,BTC/USDT,10599.65,10681.87,10546.17,10666.39,32811.990279,348298562.85686266,503440
1602115200000,2020-10-08 00:00:00,BTC/USDT,10666.4,10950.0,10530.41,10925.57,51959.691572,559311760.4414803,659291
1602201600000,2020-10-09 00:00:00,BTC/USDT,10925.44,11104.64,10829.0,11050.64,48240.073237,530822321.51623464,635681
1602288000000,2020-10-10 00:00:00,BTC/USDT,11050.64,11491.0,11050.51,11293.22,43648.036943,494785212.2308736,698561
1602374400000,2020-10-11 00:00:00,BTC/USDT,11293.22,11445.0,11221.0,11369.02,29043.851339,329927755.03808504,509714
1602460800000,2020-10-12 00:00:00,BTC/USDT,11369.02,11720.01,11172.0,11528.25,52825.28371,604779845.7920177,740823
1602547200000,2020-10-13 00:00:00,BTC/USDT,11528.24,11557.0,11300.0,11420.56,42205.283709,482663390.72403574,618262
1602633600000,2020-10-14 00:00:00,BTC/USDT,11420.57,11547.98,11280.0,11417.89,41415.106015,472007015.72093433,590025
1602720000000,2020-10-15 00:00:00,BTC/USDT,11417.89,11617.34,11250.83,11505.12,48760.717679,556436445.5576282,662386
1602806400000,2020-10-16 00:00:00,BTC/USDT,11505.13,11541.15,11200.0,11319.32,48797.749502,553211001.6122569,693210
1602892800000,2020-10-17 00:00:00,BTC/USDT,11319.24,11402.42,11255.0,11360.2,22368.915241,253582775.96265447,365973
1602979200000,2020-10-18 00:00:00,BTC/USDT,11360.31,11505.0,11346.22,11503.14,23284.041191,266150824.34809864,346946
1603065600000,2020-10-19 00:00:00,BTC/USDT,11503.14,11823.99,11407.96,11751.47,47414.534692,550728683.7992793,650960
1603152000000,2020-10-20 00:00:00,BTC/USDT,11751.46,12038.38,11677.59,11909.99,62134.750663,737425592.0819716,906111
1603238400000,2020-10-21 00:00:00,BTC/USDT,11910.0,13217.68,11886.95,12780.96,114584.456767,1437122186.6339953,1453620
1603324800000,2020-10-22 00:00:00,BTC/USDT,12780.75,13185.0,12678.08,12968.52,70038.824144,905778888.8702905,1035811
1603411200000,2020-10-23 00:00:00,BTC/USDT,12968.84,13027.69,12720.08,12923.07,50386.999841,650680239.1101469,699313
1603497600000,2020-10-24 00:00:00,BTC/USDT,12923.06,13166.73,12870.0,13111.73,35952.20907,468299521.7696653,536821
1603584000000,2020-10-25 00:00:00,BTC/USDT,13111.73,13350.0,12888.0,13028.83,38481.579504,502672049.2290516,610498
1603670400000,2020-10-26 00:00:00,BTC/USDT,13029.64,13238.81,12765.0,13052.19,60951.672986,794395722.4533454,818144
1603756800000,2020-10-27 00:00:00,BTC/USDT,13052.15,13789.29,13019.87,13636.17,80796.553996,1085214437.7511137,1003550
1603843200000,2020-10-28 00:00:00,BTC/USDT,13636.16,13859.48,12888.0,13266.4,94440.561226,1263487952.9951568,1234511
1603929600000,2020-10-29 00:00:00,BTC/USDT,13266.4,13642.91,12920.77,13455.7,74872.602132,997867948.8609744,1008433
1604016000000,2020-10-30 00:00:00,BTC/USDT,13455.69,13669.98,13115.0,13560.1,70657.778881,946818817.5575091,1060387
1604102400000,2020-10-31 00:00:00,BTC/USDT,13560.1,14100.0,13411.5,13791.0,67339.238515,927048458.5423617,1022202
1604188800000,2020-11-01 00:00:00,BTC/USDT,13791.0,13895.0,13603.0,13761.5,36285.648526,499124369.0753264,606248
1604275200000,2020-11-02 00:00:00,BTC/USDT,13761.49,13830.0,13195.05,13549.37,64566.421908,873629993.8313928,869850
1604361600000,2020-11-03 00:00:00,BTC/USDT,13549.63,14066.11,13284.99,14023.53,74115.630787,1009402087.7104616,1052569
1604448000000,2020-11-04 00:00:00,BTC/USDT,14023.53,14259.0,13525.0,14144.01,93016.988262,1293872665.4179618,1212959
1604534400000,2020-11-05 00:00:00,BTC/USDT,14144.01,15750.0,14093.56,15590.02,143741.522673,2131865609.2908912,1736055
1604620800000,2020-11-06 00:00:00,BTC/USDT,15590.02,15960.0,15166.0,15579.92,122618.197695,1909660728.8229203,1654968
1604707200000,2020-11-07 00:00:00,BTC/USDT,15579.93,15753.52,14344.22,14818.3,101431.206553,1536510177.0914736,1557021
1604793600000,2020-11-08 00:00:00,BTC/USDT,14818.3,15650.0,14703.88,15475.1,65547.178574,998031373.8397804,998773
1604880000000,2020-11-09 00:00:00,BTC/USDT,15475.1,15840.0,14805.54,15328.41,108976.334134,1670447935.5141788,1505441
1604966400000,2020-11-10 00:00:00,BTC/USDT,15328.41,15460.0,15072.46,15297.21,61681.919606,943615126.0891505,1093466
1605052800000,2020-11-11 00:00:00,BTC/USDT,15297.21,15965.0,15272.68,15684.24,78469.746458,1226425496.3618553,1247167
1605139200000,2020-11-12 00:00:00,BTC/USDT,15684.25,16340.7,15440.64,16291.86,102196.356592,1628755508.6741984,1472049
1605225600000,2020-11-13 00:00:00,BTC/USDT,16291.85,16480.0,15952.35,16320.7,75691.881014,1230358611.1248891,1208773
1605312000000,2020-11-14 00:00:00,BTC/USDT,16320.04,16326.99,15670.0,16070.45,59116.347179,944765868.609419,931424
1605398400000,2020-11-15 00:00:00,BTC/USDT,16069.56,16180.0,15774.72,15957.0,43596.841513,696651729.7452534,854441
1605484800000,2020-11-16 00:00:00,BTC/USDT,15957.0,16880.0,15864.0,16713.57,81300.675924,1335728013.9057603,1202386
1605571200000,2020-11-17 00:00:00,BTC/USDT,16713.08,17858.82,16538.0,17659.38,115221.403102,1982752071.450512,1646652
1605657600000,2020-11-18 00:00:00,BTC/USDT,17659.38,18476.93,17214.45,17776.12,149019.788134,2663337935.5002985,2091832
1605744000000,2020-11-19 00:00:00,BTC/USDT,17777.75,18179.8,17335.65,17802.82,93009.561008,1656794228.8537636,1513304
1605830400000,2020-11-20 00:00:00,BTC/USDT,17802.81,18815.22,17740.04,18655.67,88423.018489,1623135138.5910714,1444692
1605916800000,2020-11-21 00:00:00,BTC/USDT,18655.66,18965.9,18308.58,18703.8,75577.458394,1413641591.284171,1451352
1606003200000,2020-11-22 00:00:00,BTC/USDT,18703.8,18750.0,17610.86,18414.43,81645.737778,1497662550.0540428,1528524
1606089600000,2020-11-23 00:00:00,BTC/USDT,18413.88,18766.0,18000.0,18368.0,82961.506093,1529064319.6694436,1629379
1606176000000,2020-11-24 00:00:00,BTC/USDT,18368.01,19418.97,18018.0,19160.01,113581.509241,2145301450.4579408,2179862
1606262400000,2020-11-25 00:00:00,BTC/USDT,19160.0,19484.21,18500.27,18719.11,93266.576887,1774870796.2882328,1785408
1606348800000,2020-11-26 00:00:00,BTC/USDT,18718.83,18915.03,16188.0,17149.47,181005.246693,3127314143.1045747,2770483
1606435200000,2020-11-27 00:00:00,BTC/USDT,17149.47,17457.62,16438.08,17139.52,85297.024787,1446670351.435088,1572299
1606521600000,2020-11-28 00:00:00,BTC/USDT,17139.53,17880.49,16865.56,17719.85,64910.69997,1128061605.107225,1209385
1606608000000,2020-11-29 00:00:00,BTC/USDT,17719.84,18360.05,17517.0,18184.99,55329.016303,996743798.8649216,1141289
1606694400000,2020-11-30 00:00:00,BTC/USDT,18185.0,19863.16,18184.99,19695.87,115463.466888,2205929119.505336,1744149
1606780800000,2020-12-01 00:00:00,BTC/USDT,19695.87,19888.0,18001.12,18764.96,127698.762652,2446070334.8287983,2023802
1606867200000,2020-12-02 00:00:00,BTC/USDT,18764.96,19342.0,18330.0,19204.09,75911.013478,1436895344.8259497,1566635
1606953600000,2020-12-03 00:00:00,BTC/USDT,19204.08,19598.0,18867.2,19421.9,66689.391279,1286548310.8267057,1242229
1607040000000,2020-12-04 00:00:00,BTC/USDT,19422.34,19527.0,18565.31,18650.52,71283.6682,1358079975.025498,1286657
1607126400000,2020-12-05 00:00:00,BTC/USDT,18650.51,19177.0,18500.0,19147.66,42922.748573,813445434.1308142,932124
1607212800000,2020-12-06 00:00:00,BTC/USDT,19147.66,19420.0,18857.0,19359.4,37043.091861,709558933.5829058,820382
1607299200000,2020-12-07 00:00:00,BTC/USDT,19358.67,19420.91,18902.88,19166.9,41372.296293,793517668.6839459,840954
1607385600000,2020-12-08 00:00:00,BTC/USDT,19166.9,19294.84,18200.0,18324.11,61626.947614,1160658077.404659,1143181
1607472000000,2020-12-09 00:00:00,BTC/USDT,18324.11,18639.57,17650.0,18541.28,79585.553801,1450130664.0645843,1302476
1607558400000,2020-12-10 00:00:00,BTC/USDT,18541.29,18557.32,17911.12,18254.63,52890.675094,966149529.000607,891151
1607644800000,2020-12-11 00:00:00,BTC/USDT,18254.81,18292.73,17572.33,18036.53,72610.724259,1301081647.3079,1117810
1607731200000,2020-12-12 00:00:00,BTC/USDT,18036.53,18948.66,18020.7,18808.69,49519.978432,915552835.9061832,891810
1607817600000,2020-12-13 00:00:00,BTC/USDT,18808.69,19411.0,18711.12,19174.99,56560.821744,1083520569.0948539,938022
1607904000000,2020-12-14 00:00:00,BTC/USDT,19174.99,19349.0,19000.0,19273.14,47257.201294,906101687.739595,842382
1607990400000,2020-12-15 00:00:00,BTC/USDT,19273.69,19570.0,19050.0,19426.43,61834.366011,1196361527.9258018,1046423
1608076800000,2020-12-16 00:00:00,BTC/USDT,19426.43,21560.0,19278.6,21335.52,114306.33557,2325135958.641841,1659135
1608163200000,2020-12-17 00:00:00,BTC/USDT,21335.52,23800.0,21230.0,22797.16,184882.476748,4196645567.4258766,2795084
1608249600000,2020-12-18 00:00:00,BTC/USDT,22797.15,23285.18,22350.0,23107.39,79646.134315,1820875361.2945976,1613775
1608336000000,2020-12-19 00:00:00,BTC/USDT,23107.39,24171.47,22750.0,23821.61,86045.064677,2018969878.8868675,1678611
1608422400000,2020-12-20 00:00:00,BTC/USDT,23821.6,24295.0,23060.0,23455.52,76690.145685,1810862074.730308,1743225
1608508800000,2020-12-21 00:00:00,BTC/USDT,23455.54,24102.77,21815.0,22719.71,88030.297243,2035446293.9289708,1593949
1608595200000,2020-12-22 00:00:00,BTC/USDT,22719.88,23837.1,22353.4,23810.79,87033.12616,2010758620.2435267,1496277
1608681600000,2020-12-23 00:00:00,BTC/USDT,23810.79,24100.0,22600.0,23232.76,119047.259733,2797688007.0718794,2194611
1608768000000,2020-12-24 00:00:00,BTC/USDT,23232.39,23794.43,22703.42,23729.2,69013.834252,1602394244.0767715,1421257
1608854400000,2020-12-25 00:00:00,BTC/USDT,23728.99,24789.86,23433.6,24712.47,79519.943569,1919766316.6677368,1504426
1608940800000,2020-12-26 00:00:00,BTC/USDT,24712.47,26867.03,24500.0,26493.39,97806.513386,2496533065.175581,1735574
1609027200000,2020-12-27 00:00:00,BTC/USDT,26493.4,28422.0,25700.0,26281.66,148455.586214,4028928683.882025,2438493
1609113600000,2020-12-28 00:00:00,BTC/USDT,26281.54,27500.0,26101.0,27079.41,79721.742496,2151806808.5743523,1508204
1609200000000,2020-12-29 00:00:00,BTC/USDT,27079.42,27410.0,25880.0,27385.0,69411.592606,1851617219.7682345,1605166
1609286400000,2020-12-30 00:00:00,BTC/USDT,27385.0,28996.0,27320.0,28875.54,95356.057826,2683953237.460271,1916095
1609372800000,2020-12-31 00:00:00,BTC/USDT,28875.55,29300.0,27850.0,28923.63,75508.505152,2173600125.4200735,1552793
1609459200000,2021-01-01 00:00:00,BTC/USDT,28923.63,29600.0,28624.57,29331.69,54182.925011,1582526989.1618726,1314910
1609545600000,2021-01-02 00:00:00,BTC/USDT,29331.7,33300.0,28946.53,32178.33,129993.873362,4073842163.6715407,2245922
1609632000000,2021-01-03 00:00:00,BTC/USDT,32176.45,34778.11,31962.99,33000.05,120957.56675,4057598425.492016,2369698
1609718400000,2021-01-04 00:00:00,BTC/USDT,33000.05,33600.0,28130.0,31988.71,140899.88569,4429010349.695345,2642408
1609804800000,2021-01-05 00:00:00,BTC/USDT,31989.75,34360.0,29900.0,33949.53,116049.997038,3743617144.6469154,2526851
1609891200000,2021-01-06 00:00:00,BTC/USDT,33949.53,36939.21,33288.0,36769.36,127139.20131,4431954248.519614,2591783
1609977600000,2021-01-07 00:00:00,BTC/USDT,36769.36,40365.0,36300.0,39432.28,132825.700437,5062569943.383372,2814686
1610064000000,2021-01-08 00:00:00,BTC/USDT,39432.48,41950.0,36500.0,40582.81,139789.957499,5568443208.731365,2925632
1610150400000,2021-01-09 00:00:00,BTC/USDT,40586.96,41380.0,38720.0,40088.22,75785.979675,3054779029.161777,1998156
1610236800000,2021-01-10 00:00:00,BTC/USDT,40088.22,41350.0,35111.11,38150.02,118209.544503,4604034729.507071,2628050
1610323200000,2021-01-11 00:00:00,BTC/USDT,38150.02,38264.74,30420.0,35404.47,249131.539943,8426879770.740009,4431451
1610409600000,2021-01-12 00:00:00,BTC/USDT,35410.37,36628.0,32531.0,34051.24,133948.151996,4651302423.484116,2674145
1610496000000,2021-01-13 00:00:00,BTC/USDT,34049.15,37850.0,32380.0,37371.38,124477.914938,4322876606.419625,2514289
1610582400000,2021-01-14 00:00:00,BTC/USDT,37371.38,40100.0,36701.23,39144.5,102950.389421,3974826638.1450887,2297466
1610668800000,2021-01-15 00:00:00,BTC/USDT,39145.21,39747.76,34408.0,36742.22,118300.920916,4371588898.681637,2560801
1610755200000,2021-01-16 00:00:00,BTC/USDT,36737.43,37950.0,35357.8,35994.98,86348.431508,3178840336.1492844,2066363
1610841600000,2021-01-17 00:00:00,BTC/USDT,35994.98,36852.5,33850.0,35828.61,80157.727384,2843103040.240664,1860642
1610928000000,2021-01-18 00:00:00,BTC/USDT,35824.99,37469.83,34800.0,36631.27,70698.11875,2554843260.524399,1707766
1611014400000,2021-01-19 00:00:00,BTC/USDT,36622.46,37850.0,35844.06,35891.49,79611.307769,2935348499.344214,1939371
1611100800000,2021-01-20 00:00:00,BTC/USDT,35901.94,36415.31,33400.0,35468.23,89368.422918,3126721093.520776,2234539
1611187200000,2021-01-21 00:00:00,BTC/USDT,35468.23,35600.0,30071.0,30850.13,131803.182926,4281220573.9354296,2820752
1611273600000,2021-01-22 00:00:00,BTC/USDT,30851.99,33826.53,28850.0,32945.17,142971.684049,4483295872.022273,2707810
1611360000000,2021-01-23 00:00:00,BTC/USDT,32950.0,33456.0,31390.16,32078.0,64595.287675,2089098295.758437,1700056
1611446400000,2021-01-24 00:00:00,BTC/USDT,32078.0,33071.0,30900.0,32259.9,57978.037966,1864609665.3657017,1528287
1611532800000,2021-01-25 00:00:00,BTC/USDT,32259.45,34875.0,31910.0,32254.2,88499.226921,2958759288.5635686,2106548
1611619200000,2021-01-26 00:00:00,BTC/USDT,32254.19,32921.88,30837.37,32467.77,84972.20691,2708545364.494641,2010392
1611705600000,2021-01-27 00:00:00,BTC/USDT,32464.01,32557.29,29241.72,30366.15,95911.961711,2958081421.641559,2065953
1611792000000,2021-01-28 00:00:00,BTC/USDT,30362.19,33783.98,29842.1,33364.86,92621.145617,2953553214.0656815,2060660
1611878400000,2021-01-29 00:00:00,BTC/USDT,33368.18,38531.9,31915.4,34252.2,231827.005626,8195593336.228466,4403349
1611964800000,2021-01-30 00:00:00,BTC/USDT,34246.28,34933.0,32825.0,34262.88,84889.68134,2884500062.9380784,2201040
1612051200000,2021-01-31 00:00:00,BTC/USDT,34262.89,34342.69,32171.67,33092.98,68742.280384,2289641045.7580123,1707064
1612137600000,2021-02-01 00:00:00,BTC/USDT,33092.97,34717.27,32296.16,33526.37,82718.276882,2791776658.0056057,1810492
1612224000000,2021-02-02 00:00:00,BTC/USDT,33517.09,35984.33,33418.0,35466.24,78056.65988,2716321896.3176084,1789672
1612310400000,2021-02-03 00:00:00,BTC/USDT,35472.71,37662.63,35362.38,37618.87,80784.333663,2951232788.1843047,1881740
1612396800000,2021-02-04 00:00:00,BTC/USDT,37620.26,38708.27,36161.95,36936.66,92080.735898,3452669022.153292,2211866
1612483200000,2021-02-05 00:00:00,BTC/USDT,36936.65,38310.12,36570.0,38290.24,66681.334275,2509278291.7515864,1853253
1612569600000,2021-02-06 00:00:00,BTC/USDT,38289.32,40955.51,38215.94,39186.94,98757.311183,3922095148.92815,2291646
1612656000000,2021-02-07 00:00:00,BTC/USDT,39181.01,39700.0,37351.0,38795.69,84363.679763,3256521384.2406106,1976357
1612742400000,2021-02-08 00:00:00,BTC/USDT,38795.69,46794.45,37988.89,46374.87,138597.536914,5881536976.635699,3230961
1612828800000,2021-02-09 00:00:00,BTC/USDT,46374.86,48142.19,44961.09,46420.42,115499.861712,5386255398.017187,3119034
1612915200000,2021-02-10 00:00:00,BTC/USDT,46420.42,47310.0,43727.0,44807.58,97154.1822,4431650130.251104,2891592
1613001600000,2021-02-11 00:00:00,BTC/USDT,44807.58,48678.9,43994.02,47969.51,89561.081454,4185630934.4108953,2570949
1613088000000,2021-02-12 00:00:00,BTC/USDT,47968.66,48985.8,46125.0,47287.6,85870.035697,4080571908.9676614,2418841
1613174400000,2021-02-13 00:00:00,BTC/USDT,47298.15,48150.0,46202.53,47153.69,63768.097399,3007710147.41816,2058823
1613260800000,2021-02-14 00:00:00,BTC/USDT,47156.78,49707.43,47014.17,48577.79,73735.475533,3584808348.834733,2090070
1613347200000,2021-02-15 00:00:00,BTC/USDT,48580.47,49010.92,45570.79,47911.1,79398.156784,3782219060.6647215,2313155
1613433600000,2021-02-16 00:00:00,BTC/USDT,47911.1,50689.18,47003.62,49133.45,88813.266298,4349983777.692368,2199849
1613520000000,2021-02-17 00:00:00,BTC/USDT,49133.45,52618.74,48947.0,52119.71,85743.637818,4365831514.815297,2514374
1613606400000,2021-02-18 00:00:00,BTC/USDT,52117.67,52530.0,50901.9,51552.6,60758.046954,3149973077.4874654,1891592
1613692800000,2021-02-19 00:00:00,BTC/USDT,51552.61,56368.0,50710.2,55906.0,79659.77802,4251167827.6842465,2339215
1613779200000,2021-02-20 00:00:00,BTC/USDT,55906.0,57700.46,53863.93,55841.19,80948.205314,4551890859.8512745,2642846
1613865600000,2021-02-21 00:00:00,BTC/USDT,55841.19,58352.8,55477.59,57408.57,58166.708511,3317998263.347889,1950533
1613952000000,2021-02-22 00:00:00,BTC/USDT,57412.35,57508.47,47622.0,54087.67,134019.434944,7213386720.436797,3313083
1614038400000,2021-02-23 00:00:00,BTC/USDT,54087.67,54183.59,44892.56,48891.0,169375.025051,8215839131.243385,3825196
1614124800000,2021-02-24 00:00:00,BTC/USDT,48891.0,51374.99,46988.69,49676.2,91881.209252,4574033001.379536,2194532
1614211200000,2021-02-25 00:00:00,BTC/USDT,49676.21,52041.73,46674.34,47073.73,83310.673121,4152188728.1416154,2305679
1614297600000,2021-02-26 00:00:00,BTC/USDT,47073.73,48424.11,44106.78,46276.87,109423.200663,5086374532.734615,2371766
1614384000000,2021-02-27 00:00:00,BTC/USDT,46276.88,48394.0,45000.0,46106.43,66060.834292,3105897438.550972,1757720
1614470400000,2021-02-28 00:00:00,BTC/USDT,46103.67,46638.46,43000.0,45135.66,83055.369042,3708359965.454581,1838345
1614556800000,2021-03-01 00:00:00,BTC/USDT,45134.11,49790.0,44950.53,49587.03,85086.111648,4057515794.865728,2147223
1614643200000,2021-03-02 00:00:00,BTC/USDT,49595.76,50200.0,47047.6,48440.65,64221.06214,3120472069.909453,1855583
1614729600000,2021-03-03 00:00:00,BTC/USDT,48436.61,52640.0,48100.71,50349.37,81035.913705,4109521257.5407,2242131
1614816000000,2021-03-04 00:00:00,BTC/USDT,50349.37,51773.88,47500.0,48374.09,82649.716829,4079837240.8567615,2291936
1614902400000,2021-03-05 00:00:00,BTC/USDT,48374.09,49448.93,46300.0,48751.71,78192.496372,3727133104.8373103,2054216
1614988800000,2021-03-06 00:00:00,BTC/USDT,48746.81,49200.0,47070.0,48882.2,44399.234242,2143910705.2915032,1476474
1615075200000,2021-03-07 00:00:00,BTC/USDT,48882.2,51450.03,48882.2,50971.75,55235.028032,2778875909.4491262,1758101
1615161600000,2021-03-08 00:00:00,BTC/USDT,50959.11,52402.78,49274.67,52375.17,66987.359664,3400847931.036074,1999401
1615248000000,2021-03-09 00:00:00,BTC/USDT,52375.18,54895.0,51789.41,54884.5,71656.737076,3861450964.654904,2194398
1615334400000,2021-03-10 00:00:00,BTC/USDT,54874.67,57387.69,53005.0,55851.59,84749.238943,4700197563.359213,2647284
1615420800000,2021-03-11 00:00:00,BTC/USDT,55851.59,58150.0,54272.82,57773.16,81914.812859,4612366201.00222,2509970
1615507200000,2021-03-12 00:00:00,BTC/USDT,57773.15,58081.51,54962.84,57221.72,73405.406047,4162054726.378839,2489931
1615593600000,2021-03-13 00:00:00,BTC/USDT,57221.72,61844.0,56078.23,61188.39,83245.091346,4933383453.245977,2559002
1615680000000,2021-03-14 00:00:00,BTC/USDT,61188.38,61724.79,58966.78,58968.31,52601.05275,3176397573.8846426,1829769
1615766400000,2021-03-15 00:00:00,BTC/USDT,58976.08,60633.43,54600.0,55605.2,102771.427298,5874241052.093372,2683815
1615852800000,2021-03-16 00:00:00,BTC/USDT,55605.2,56938.29,53271.34,56900.75,77986.694355,4304259207.6451,2241208
1615939200000,2021-03-17 00:00:00,BTC/USDT,56900.74,58974.73,54123.69,58912.97,70421.620841,3960992972.154292,2204296
1616025600000,2021-03-18 00:00:00,BTC/USDT,58912.97,60129.97,57023.0,57648.16,66580.406675,3900885761.2128057,2040947
1616112000000,2021-03-19 00:00:00,BTC/USDT,57641.0,59468.0,56270.74,58030.01,52392.652961,3052711147.9349246,1885830
1616198400000,2021-03-20 00:00:00,BTC/USDT,58030.01,59880.0,57820.17,58102.28,44476.941776,2616535093.051585,1724131
1616284800000,2021-03-21 00:00:00,BTC/USDT,58100.02,58589.1,55450.11,57351.56,48564.470274,2774223129.62381,1773546
1616371200000,2021-03-22 00:00:00,BTC/USDT,57351.56,58430.73,53650.0,54083.25,62581.626169,3527479514.3256526,1927345
1616457600000,2021-03-23 00:00:00,BTC/USDT,54083.25,55830.9,53000.0,54340.89,59789.365427,3264650774.817461,1740349
1616544000000,2021-03-24 00:00:00,BTC/USDT,54342.8,57200.0,51700.0,52303.65,83537.465021,4583159614.046461,2401988
1616630400000,2021-03-25 00:00:00,BTC/USDT,52303.66,53287.0,50427.56,51293.78,87400.534538,4536327184.957861,2099425
1616716800000,2021-03-26 00:00:00,BTC/USDT,51293.78,55073.46,51214.6,55025.59,63813.774692,3397036140.751637,1773150
1616803200000,2021-03-27 00:00:00,BTC/USDT,55025.59,56700.36,53950.0,55817.14,50105.475055,2767070175.861931,1528776
1616889600000,2021-03-28 00:00:00,BTC/USDT,55817.14,56559.75,54691.84,55777.63,39050.387511,2178777329.4452167,1551283
1616976000000,2021-03-29 00:00:00,BTC/USDT,55777.65,58405.82,54800.01,57635.47,67857.937398,3877131109.7346454,1983437
1617062400000,2021-03-30 00:00:00,BTC/USDT,57635.46,59368.0,57071.35,58746.57,55122.443122,3221944107.4550304,1612744
1617148800000,2021-03-31 00:00:00,BTC/USDT,58746.57,59800.0,56769.0,58740.55,60975.542666,3575976083.804576,1928224
1617235200000,2021-04-01 00:00:00,BTC/USDT,58739.46,59490.0,57935.45,58720.44,47415.61722,2789238879.943373,1594431
1617321600000,2021-04-02 00:00:00,BTC/USDT,58720.45,60200.0,58428.57,58950.01,47382.418781,2811159761.2684674,1666356
1617408000000,2021-04-03 00:00:00,BTC/USDT,58950.01,59791.72,56880.0,57051.94,47409.852113,2783151686.164537,1606805
1617494400000,2021-04-04 00:00:00,BTC/USDT,57051.95,58492.85,56388.0,58202.01,41314.081973,2380139010.7302322,1499113
1617580800000,2021-04-05 00:00:00,BTC/USDT,58202.01,59272.0,56777.77,59129.99,54258.01579,3155214764.164485,2035877
1617667200000,2021-04-06 00:00:00,BTC/USDT,59129.99,59495.24,57413.02,57991.15,54201.000727,3166911557.1481576,1960513
1617753600000,2021-04-07 00:00:00,BTC/USDT,57990.03,58655.0,55473.0,55953.45,71228.405659,4053294016.484514,2206433
1617840000000,2021-04-08 00:00:00,BTC/USDT,55953.44,58153.31,55700.0,58077.52,44283.147019,2531779682.552427,1661080
1617926400000,2021-04-09 00:00:00,BTC/USDT,58077.52,58894.9,57654.0,58142.54,40831.884911,2378340697.289584,1615962
1618012800000,2021-04-10 00:00:00,BTC/USDT,58142.55,61500.0,57900.01,59769.13,69906.424117,4197138552.4690337,2470398
1618099200000,2021-04-11 00:00:00,BTC/USDT,59769.13,60699.0,59232.52,60002.43,41156.715391,2462032926.617981,1746102
1618185600000,2021-04-12 00:00:00,BTC/USDT,59998.8,61300.0,59350.59,59860.0,56375.037117,3393042867.8714666,1806298
1618272000000,2021-04-13 00:00:00,BTC/USDT,59860.01,59942.39,59805.15,59921.76,271.097307,16229796.80584649,7507
